ID,Q1,Q2,Q3,Q4,Q5,Q6,Q7,Q8,Q9,Q10,Q11,Q12,Q13,Q14,Q15,Q16,Q17,Q18,Q19,Q20,volunteer_type
001,C,C,C,B,A,C,B,C,B,B,B,A,B,C,A,A,C,B,C,B,community
002,B,A,B,A,A,A,A,B,C,A,A,A,B,A,B,A,A,B,B,B,community
003,C,C,C,A,A,C,A,C,B,A,C,B,C,B,A,C,A,B,B,C,education
004,C,C,C,B,C,B,B,C,A,C,A,B,B,B,B,B,B,B,B,C,humanitarian
005,C,C,A,A,C,A,C,A,A,A,A,C,C,C,C,A,C,B,B,C,humanitarian
006,C,C,A,A,A,A,A,A,B,B,B,A,A,C,B,A,C,C,C,A,environment
007,B,A,B,A,B,C,C,B,C,C,B,C,B,C,B,A,A,C,A,C,environment
008,A,C,A,A,A,B,B,B,A,A,C,C,C,A,C,C,B,A,C,B,culture
009,C,B,B,C,A,B,C,B,A,B,A,C,C,A,B,C,C,A,B,B,culture
010,C,C,B,A,B,C,C,C,A,B,B,A,B,A,A,A,C,C,B,A,sports
011,C,B,B,B,C,A,B,A,B,C,B,C,B,C,B,A,C,C,A,C,humanitarian
012,A,C,A,B,C,A,A,C,A,B,C,B,B,B,B,B,B,A,B,C,technology
013,C,C,A,B,B,A,B,B,C,A,A,C,C,A,A,B,C,A,A,C,environment
014,A,B,C,A,A,C,A,C,C,C,C,A,A,B,B,C,C,B,C,B,community
015,B,C,C,A,A,B,B,C,B,B,A,A,C,C,A,C,B,B,C,C,community
016,A,C,B,A,B,C,C,B,B,C,A,A,B,B,B,A,C,B,C,C,community
017,C,C,B,A,C,C,C,B,A,B,C,A,A,B,A,B,C,A,C,A,sports
018,B,C,B,A,A,A,A,B,B,A,B,B,A,B,B,B,B,C,A,B,education
019,A,A,C,B,B,B,A,C,A,A,C,B,A,B,A,C,C,A,B,A,technology
020,C,A,B,A,C,C,A,B,B,A,A,C,B,A,A,B,C,B,C,B,education
021,B,C,A,A,A,B,C,B,C,B,A,A,B,A,A,B,A,C,C,A,sports
022,A,C,B,A,A,C,C,B,C,B,B,A,A,A,A,B,B,C,C,C,sports
023,B,A,C,B,B,C,B,B,B,A,A,C,A,B,A,A,B,C,B,A,community
024,C,A,C,A,B,C,A,A,A,B,B,A,B,C,C,A,B,A,B,C,technology
025,A,C,B,B,A,A,B,A,B,C,C,B,A,A,C,B,B,B,A,C,humanitarian
026,B,C,B,C,B,B,C,B,B,B,B,A,B,C,A,B,A,C,A,C,sports
027,B,C,C,A,A,C,C,A,C,A,B,A,C,C,C,B,B,C,C,A,sports
028,C,A,A,C,A,C,C,C,B,C,A,B,A,C,C,C,C,A,A,C,education
029,A,C,C,C,A,C,B,B,C,B,A,A,B,C,C,B,C,C,B,B,culture
030,B,A,B,A,A,C,C,A,C,B,B,A,B,B,B,A,A,B,A,A,community
031,C,C,A,A,A,C,C,B,B,B,B,A,B,C,B,B,C,A,C,A,sports
032,B,C,A,B,C,C,B,A,A,B,B,A,A,B,C,A,B,A,A,B,education
033,B,C,C,B,A,B,C,B,C,C,A,A,A,A,A,B,B,B,C,C,animals
034,C,A,B,B,C,C,B,A,B,A,B,A,B,A,A,A,C,C,C,A,community
035,C,C,C,A,B,B,B,A,B,A,C,C,C,C,B,C,B,A,C,B,animals
036,A,A,B,B,C,B,C,C,C,A,A,A,B,A,C,A,C,C,A,A,community
037,C,C,A,A,C,C,A,B,C,C,A,C,B,C,A,B,A,B,A,B,education
038,B,C,B,C,C,B,C,A,C,C,C,A,C,B,A,A,B,A,A,B,animals
039,C,B,C,C,C,B,B,B,A,A,B,C,B,C,A,B,B,B,A,A,humanitarian
040,C,A,C,C,C,B,C,B,A,C,A,A,B,A,C,B,A,C,B,A,culture
041,B,A,B,A,C,B,A,C,A,A,C,C,C,B,C,A,B,A,B,A,animals
042,A,B,A,A,C,B,A,B,B,A,B,A,A,C,C,A,C,B,C,C,animals
043,B,A,A,A,B,B,C,B,C,C,B,A,A,C,A,B,B,C,A,A,sports
044,B,C,C,B,C,A,A,B,B,C,C,A,A,C,B,A,C,B,C,C,environment
045,B,C,B,A,B,C,C,A,C,C,A,C,B,B,B,C,C,C,C,C,environment
046,C,C,C,A,A,A,C,B,B,C,B,C,C,A,B,C,C,A,A,B,environment
047,C,A,A,B,C,C,C,C,C,B,A,C,B,B,B,A,C,C,B,B,culture
048,B,C,A,C,B,C,B,B,A,B,A,B,A,B,B,A,C,B,C,A,environment
049,A,A,C,C,C,A,B,C,B,B,C,C,C,B,B,C,C,B,B,B,environment
050,C,B,A,B,B,A,B,C,A,C,A,C,B,A,C,A,B,A,C,C,education
051,B,A,B,C,A,A,A,C,A,B,B,C,A,C,C,B,A,C,A,B,humanitarian
052,A,A,A,B,A,B,B,B,C,B,C,C,A,A,B,C,A,A,C,C,environment
053,A,B,B,A,B,C,C,A,C,C,C,B,C,B,A,A,C,A,B,C,community
054,C,B,A,B,B,C,A,A,B,C,B,A,A,C,C,A,A,A,B,C,education
055,B,C,B,A,B,C,B,A,A,C,B,C,B,A,C,C,C,C,A,C,humanitarian
056,B,C,B,C,B,A,A,A,A,C,C,C,B,B,B,B,C,C,C,B,environment
057,B,C,C,C,B,B,B,A,C,C,B,A,B,B,B,C,C,C,C,C,animals
058,B,B,B,C,A,C,C,B,A,A,C,C,A,A,A,A,C,C,A,C,culture
059,A,B,A,C,A,B,A,A,A,A,C,C,C,A,C,B,A,A,B,B,humanitarian
060,C,A,B,A,A,B,B,B,A,C,A,C,A,C,B,B,A,C,A,B,humanitarian
061,A,C,A,C,B,B,A,A,B,A,B,A,C,B,A,A,A,A,C,A,sports
062,A,A,C,A,C,B,A,B,A,B,B,B,A,C,B,A,B,A,C,C,environment
063,A,B,A,C,A,C,B,C,B,A,C,B,B,B,B,B,A,A,A,A,technology
064,A,C,B,A,B,B,C,A,C,C,B,B,A,A,A,B,C,C,C,B,sports
065,C,C,C,A,C,C,A,A,C,A,B,A,A,C,A,C,C,A,A,C,education
066,B,A,C,B,A,B,A,A,B,C,C,C,B,A,B,C,A,C,C,A,humanitarian
067,C,C,B,A,B,B,C,B,C,B,B,A,B,A,B,C,B,B,C,A,sports
068,B,C,A,A,B,B,C,B,C,B,A,A,C,A,C,A,A,A,B,B,culture
069,C,B,A,A,B,C,C,C,B,C,C,A,C,A,B,C,B,C,A,B,education
070,A,C,A,A,B,A,B,C,A,C,B,B,B,B,A,A,C,A,C,B,technology
071,A,B,C,B,C,C,A,B,A,B,B,C,C,B,B,B,B,B,C,C,environment
072,C,A,C,A,B,B,B,B,C,A,C,A,A,A,C,A,B,B,C,B,community
073,B,C,B,C,B,A,C,C,C,C,A,A,B,A,B,A,B,B,B,C,community
074,B,C,A,A,A,C,A,C,C,A,C,A,A,B,A,A,A,B,A,A,community
075,B,A,A,B,C,C,A,C,A,C,A,B,A,C,A,C,A,B,A,C,education
076,C,C,C,A,A,C,C,A,C,C,B,B,A,A,A,A,C,B,C,A,sports
077,B,B,A,C,A,B,A,A,C,A,A,C,C,A,A,C,C,C,B,A,culture
078,B,A,A,C,A,A,A,A,A,B,C,A,A,A,B,A,C,B,C,B,environment
079,A,B,A,A,B,C,A,A,C,A,B,A,C,B,A,A,C,C,C,A,sports
080,B,C,B,A,C,C,C,B,C,A,B,A,B,A,C,A,A,A,A,C,sports
081,A,C,B,C,A,B,C,A,C,B,B,B,B,A,C,B,C,B,B,B,humanitarian
082,C,C,A,B,B,A,B,B,B,C,C,B,C,C,B,A,C,C,C,A,community
083,C,C,B,A,A,C,C,C,A,A,B,A,A,B,C,C,C,B,C,A,sports
084,C,A,C,C,C,A,A,B,B,B,C,C,A,C,A,B,A,B,C,B,technology
085,B,C,C,C,C,A,C,C,C,B,C,C,C,C,C,B,C,B,C,C,environment
086,A,A,A,C,A,C,C,C,A,C,B,C,B,C,B,A,B,A,C,A,technology
087,C,B,B,A,C,C,B,B,B,A,B,C,C,C,B,C,B,B,B,C,community
088,A,C,A,B,C,B,A,A,C,B,A,A,B,A,B,A,C,B,C,A,environment
089,A,B,B,C,A,A,A,C,C,A,A,A,C,B,A,A,B,B,A,C,community
090,B,B,A,B,A,A,B,A,B,A,C,C,A,B,B,B,B,C,B,A,community
091,B,C,C,B,C,B,B,A,A,B,A,A,B,B,C,C,C,A,B,C,animals
092,C,C,C,A,A,B,C,A,B,B,B,A,A,A,A,C,C,C,C,B,sports
093,B,C,B,A,B,A,B,C,A,C,B,A,A,C,C,C,B,B,B,B,community
094,B,A,B,B,C,B,C,B,C,B,C,B,C,B,B,B,C,B,A,C,animals
095,B,A,C,C,A,A,C,A,C,C,A,A,C,A,B,A,B,B,C,C,environment
096,B,A,B,A,B,A,B,B,A,A,B,A,C,C,C,A,C,B,B,A,community
097,A,A,A,B,C,B,A,A,C,C,B,C,C,C,C,B,B,B,A,B,humanitarian
098,A,B,B,C,C,A,A,B,A,A,A,A,C,A,A,C,A,C,A,A,culture
099,C,A,C,B,C,A,C,A,B,A,C,B,C,B,A,B,B,A,C,C,animals
100,C,A,A,A,B,C,C,C,C,A,A,B,C,C,A,A,A,A,B,B,technology
101,C,A,A,C,C,B,C,B,B,A,A,B,B,C,B,C,B,A,C,B,culture
102,B,A,C,B,C,A,A,A,C,A,C,C,A,B,A,B,A,C,C,A,animals
103,A,B,B,C,C,A,A,A,A,C,C,A,C,B,B,B,A,C,A,A,humanitarian
104,C,A,C,B,C,A,C,B,B,B,B,C,A,C,C,A,A,B,C,C,environment
105,C,B,B,C,B,A,B,C,A,B,B,A,A,B,B,A,B,B,B,C,community
106,C,B,C,B,C,B,C,C,A,B,B,C,C,C,B,B,B,C,A,B,culture
107,B,B,A,C,B,C,A,C,B,C,A,B,B,B,A,B,A,B,A,B,technology
108,B,B,B,B,A,C,C,C,B,C,B,C,A,A,B,B,C,A,C,A,community
109,C,A,B,A,B,C,C,A,B,B,B,A,A,B,B,C,B,B,B,C,education
110,B,A,B,A,C,A,C,C,C,C,A,C,B,C,C,B,B,A,A,B,technology
111,A,A,B,B,C,B,C,B,A,A,C,B,A,B,C,B,A,A,C,C,animals
112,B,B,C,A,A,B,C,B,A,B,A,C,B,B,B,C,C,B,B,A,animals
113,B,C,B,A,C,B,C,A,B,A,B,A,C,A,B,A,C,B,C,B,animals
114,C,C,A,C,A,B,B,B,A,A,C,A,A,C,A,C,C,B,A,A,humanitarian
115,A,B,C,A,B,C,C,B,A,A,B,A,B,A,A,A,C,C,A,C,sports
116,A,A,C,A,B,A,B,C,B,B,A,A,C,A,B,A,A,B,C,A,community
117,C,A,C,A,B,B,C,C,B,B,C,B,A,B,A,B,B,A,A,C,technology
118,C,B,C,C,A,B,A,A,C,C,C,C,B,B,C,B,B,A,C,C,animals
119,B,C,C,A,C,A,B,A,A,A,A,C,A,B,C,C,C,A,C,B,animals
120,A,C,A,A,C,C,C,C,A,C,C,C,C,C,B,A,B,A,A,A,community
121,C,C,B,A,C,B,C,C,B,C,C,B,A,A,B,B,A,A,C,C,education
122,B,B,B,C,C,B,B,C,B,A,B,A,A,B,C,C,A,B,A,C,animals
123,A,A,B,C,C,A,A,B,B,C,C,B,A,A,A,B,A,A,C,C,technology
124,B,A,A,A,B,B,B,C,A,C,C,A,A,A,A,B,A,A,B,C,technology
125,C,C,C,A,A,A,C,C,C,A,A,C,C,C,A,A,A,C,C,B,environment
126,B,B,A,B,B,A,C,A,C,A,C,B,A,A,C,C,A,B,B,A,culture
127,A,A,C,B,B,A,A,A,C,A,A,C,B,C,B,C,C,B,C,B,environment
128,C,A,B,B,C,B,B,A,C,B,A,C,A,A,A,B,A,C,B,A,humanitarian
129,C,C,B,C,B,C,B,B,A,B,A,A,A,C,A,C,C,A,B,B,culture
130,B,B,C,B,C,B,C,C,B,A,C,A,A,B,C,A,C,C,C,B,animals
131,B,A,C,A,A,C,C,C,C,C,B,C,A,B,B,C,C,B,B,A,animals
132,C,B,A,C,C,C,C,C,C,B,B,A,A,C,C,C,A,B,A,C,culture
133,A,C,C,C,B,C,C,B,C,A,B,A,B,A,A,C,C,A,A,A,sports
134,A,C,C,A,B,A,C,B,A,A,B,C,A,C,B,C,C,A,A,C,environment
135,C,B,C,B,C,B,A,C,C,A,B,B,B,C,C,A,C,B,C,C,animals
136,A,C,B,B,B,B,C,B,B,A,A,B,C,C,B,B,B,A,A,B,humanitarian
137,A,A,C,B,B,B,C,A,A,A,C,A,B,B,A,B,A,A,A,C,technology
138,C,B,A,B,A,B,C,B,A,B,C,C,A,B,B,A,A,A,C,C,animals
139,A,A,B,C,C,A,C,A,C,C,C,A,C,A,B,B,A,A,C,B,humanitarian
140,B,B,B,B,C,A,C,A,B,B,C,A,B,A,A,C,C,B,B,B,community
141,A,C,B,B,A,A,B,A,C,C,C,C,B,A,B,B,C,A,B,B,humanitarian
142,B,C,A,B,B,B,A,C,A,C,C,B,A,A,C,C,C,A,B,A,technology
143,A,C,C,A,C,B,C,B,A,B,B,B,A,B,A,C,A,A,C,B,sports
144,B,B,B,C,A,A,A,A,A,A,C,A,C,A,C,A,B,A,B,B,humanitarian
145,B,C,C,A,A,A,A,C,A,A,C,C,A,A,B,B,C,B,A,B,environment
146,B,A,C,B,A,B,C,A,C,B,B,C,B,A,C,A,B,C,B,C,animals
147,C,B,B,B,C,C,A,B,A,A,C,A,C,B,A,B,B,C,B,C,humanitarian
148,C,A,A,A,A,A,C,A,C,B,B,A,A,B,A,C,A,A,C,B,sports
149,C,A,B,B,A,B,B,B,A,A,A,B,A,B,C,C,A,C,A,A,culture
150,C,B,A,A,A,B,B,A,C,A,B,C,A,A,A,B,A,C,A,C,education
151,B,C,A,C,B,B,B,B,A,A,A,A,B,C,B,B,C,B,A,C,humanitarian
152,B,B,B,C,B,A,A,C,A,B,B,C,C,B,A,B,B,A,B,A,technology
153,B,B,B,C,A,B,C,B,B,A,A,C,B,A,B,B,B,C,A,B,culture
154,B,A,C,B,C,C,A,A,C,B,A,B,B,C,A,C,C,A,A,B,technology
155,C,C,C,A,B,C,B,C,C,C,B,A,C,B,A,B,C,C,B,C,sports
156,C,A,A,C,B,A,C,C,A,A,A,C,A,C,B,B,C,C,A,A,education
157,A,B,C,A,B,A,C,B,A,A,B,C,C,B,A,C,B,C,A,A,culture
158,C,A,C,B,C,B,B,A,C,A,B,B,B,A,B,B,A,A,C,A,animals
159,C,A,B,C,C,B,C,A,B,A,C,C,C,C,A,B,C,A,B,C,animals
160,B,C,C,B,B,B,C,B,B,C,A,C,A,A,C,C,C,C,B,B,culture
161,C,A,A,B,B,B,C,C,A,C,B,A,C,A,B,C,A,A,B,C,humanitarian
162,C,C,B,A,A,A,C,C,B,C,A,C,B,A,A,B,B,A,B,A,community
163,B,C,B,A,A,C,B,B,C,B,B,C,A,A,C,A,C,A,A,C,environment
164,C,A,C,B,C,B,B,B,C,C,A,C,B,A,B,C,C,C,B,C,animals
165,B,C,A,C,A,B,A,B,C,A,B,A,A,B,B,A,B,C,B,C,animals
166,C,C,A,C,A,B,C,A,B,B,B,A,B,C,A,B,B,B,C,A,sports
167,A,B,A,B,A,B,A,C,A,A,A,C,A,B,B,B,C,C,B,C,animals
168,A,C,A,C,A,B,B,A,B,B,C,C,B,B,B,B,C,A,A,B,technology
169,B,C,C,A,A,A,C,B,B,A,B,B,B,A,C,B,A,A,A,A,sports
170,C,A,B,B,B,A,A,A,B,B,B,B,A,A,B,C,A,C,B,A,education
171,B,B,C,B,A,C,A,B,C,C,B,C,B,B,A,B,B,C,A,C,animals
172,B,C,A,C,B,B,C,B,B,C,B,B,A,A,A,A,A,C,A,B,education
173,C,C,C,A,B,B,A,B,B,B,B,A,B,C,A,A,A,B,A,A,sports
174,A,B,C,B,A,C,C,C,C,C,B,A,B,A,B,B,C,A,A,C,environment
175,A,A,B,C,C,A,A,A,A,B,A,A,B,A,A,A,A,B,C,C,humanitarian
176,A,B,A,A,C,A,A,A,A,B,C,C,B,A,C,A,B,B,C,A,community
177,A,C,C,C,A,C,A,A,C,A,C,B,A,A,C,C,B,C,A,B,education
178,C,A,A,B,B,C,B,B,C,B,B,B,B,C,C,B,B,B,A,B,education
179,B,C,B,C,A,B,A,A,B,A,B,B,B,C,C,B,A,C,A,B,humanitarian
180,B,A,C,C,A,A,A,C,B,A,A,A,B,C,A,A,B,C,B,A,community
181,C,C,A,C,A,C,C,A,B,A,C,A,A,A,A,A,B,B,B,A,education
182,C,A,C,C,A,C,B,B,C,B,B,A,C,C,A,C,A,B,C,A,humanitarian
183,A,A,C,C,A,B,C,A,C,A,A,C,B,B,C,A,B,B,C,A,animals
184,A,A,C,B,C,B,A,B,C,B,A,A,C,C,C,A,B,C,B,B,culture
185,B,B,B,A,B,A,C,C,A,A,B,C,A,B,A,C,C,A,A,A,sports
186,B,B,B,C,B,A,B,A,B,A,A,C,A,B,C,C,B,A,C,C,culture
187,C,A,B,C,B,A,A,C,A,A,C,A,C,B,C,B,C,C,A,C,technology
188,A,A,B,A,A,B,A,B,A,A,B,C,B,C,B,B,B,C,C,C,humanitarian
189,B,A,A,A,C,A,C,A,B,A,C,A,B,A,A,A,C,B,B,B,community
190,C,A,B,C,A,B,C,B,C,A,C,C,C,A,C,B,B,B,B,B,culture
191,B,C,C,A,A,C,A,C,A,C,B,A,A,B,A,C,A,C,C,C,sports
192,A,A,B,A,C,A,C,C,C,C,C,A,B,C,B,C,C,C,A,B,technology
193,B,C,C,B,C,C,C,A,C,A,C,A,A,A,B,A,A,B,C,B,environment
194,A,A,B,C,C,B,A,B,C,A,B,A,A,A,C,C,A,C,B,C,culture
195,B,A,A,B,B,C,A,C,A,A,C,C,B,A,A,B,B,C,A,A,technology
196,B,A,C,C,C,C,C,B,A,C,A,A,C,C,B,C,C,C,A,B,culture
197,B,A,B,A,A,B,A,C,A,B,C,A,C,C,C,A,C,C,C,A,community
198,C,C,A,C,B,C,B,A,C,A,C,A,A,B,C,B,A,A,C,C,education
199,B,C,C,A,A,B,B,A,C,B,C,A,C,A,B,B,C,A,A,B,environment
200,B,A,A,A,B,B,C,A,B,C,C,A,C,A,B,B,C,C,C,C,environment
201,A,C,B,A,A,C,C,C,C,C,B,C,C,B,A,C,C,B,C,A,sports
202,B,C,B,C,A,A,C,B,B,B,B,C,A,C,C,B,B,A,C,B,environment
203,A,B,A,C,C,C,B,B,A,C,A,A,A,B,A,A,B,C,B,C,culture
204,A,B,C,B,C,A,C,A,A,B,A,C,C,B,A,A,B,B,C,B,culture
205,A,A,A,A,B,B,A,A,A,C,A,C,B,C,B,A,B,A,A,A,community
206,B,C,C,B,A,A,A,A,A,C,A,A,B,A,B,A,A,B,C,B,humanitarian
207,A,A,C,B,B,C,C,B,B,A,A,B,A,C,C,A,B,A,B,A,community
208,C,B,C,B,A,A,A,B,A,C,B,C,C,B,A,C,A,A,C,B,humanitarian
209,A,C,C,A,A,C,C,C,C,B,B,A,B,C,A,A,B,A,C,B,sports
210,A,A,A,A,B,A,C,B,C,B,A,B,A,C,C,A,B,B,A,A,education
211,B,B,A,B,B,B,A,B,B,B,A,B,A,B,A,B,C,C,C,C,animals
212,B,C,B,B,C,B,C,B,A,B,A,C,B,B,B,B,A,A,B,A,humanitarian
213,C,C,A,A,A,C,B,C,B,B,A,B,A,B,A,A,A,C,C,B,education
214,B,C,C,B,B,A,A,C,A,B,C,A,C,B,A,A,C,C,C,C,environment
215,C,C,A,C,A,A,B,A,B,B,A,B,B,C,A,A,B,A,C,A,community
216,B,A,B,C,A,A,C,C,A,C,C,C,A,B,C,C,B,A,A,A,technology
217,A,A,C,A,B,A,A,B,B,C,C,B,B,A,A,A,C,A,B,C,technology
218,B,A,A,A,C,A,B,C,C,A,A,C,A,A,C,C,C,C,A,A,culture
219,B,A,C,C,C,A,A,C,A,B,B,C,C,C,A,B,C,C,A,C,environment
220,C,B,C,C,B,C,A,A,B,B,A,A,A,C,C,C,B,B,C,B,education
221,B,C,B,C,B,B,C,B,A,B,B,B,C,C,B,A,B,C,A,C,environment
222,C,A,C,B,A,A,C,A,B,A,C,B,C,A,A,B,B,C,C,C,education
223,A,C,C,B,C,C,C,C,B,A,C,B,B,A,A,A,C,A,A,C,technology
224,B,A,C,B,B,C,B,C,A,A,C,C,B,B,A,C,C,A,B,B,technology
225,A,A,C,A,A,C,A,B,A,A,C,A,A,C,C,A,C,B,C,A,community
226,A,A,C,B,A,B,B,B,C,A,B,C,B,C,B,B,C,B,C,C,animals
227,B,C,B,B,C,C,B,B,C,C,B,A,A,A,B,B,C,A,C,B,environment
228,C,A,B,B,C,B,B,C,C,B,B,B,C,B,B,C,C,B,A,A,animals
229,A,C,B,A,A,C,A,A,B,A,A,B,C,C,C,A,B,A,C,B,community
230,C,C,C,B,C,B,C,C,B,C,B,C,A,C,B,C,B,C,A,A,education
231,A,B,B,A,C,C,B,A,A,B,B,B,A,B,A,C,C,B,A,C,humanitarian
232,A,B,B,A,B,B,A,A,A,A,B,A,C,A,B,C,B,C,A,A,education
233,B,C,A,A,C,C,C,B,B,A,A,C,B,B,A,B,C,B,B,C,animals
234,B,B,B,A,B,C,A,B,A,B,B,C,A,A,B,C,C,A,A,C,education
235,C,A,B,C,B,A,B,C,C,B,A,A,A,B,A,B,A,A,A,A,technology
236,C,B,C,B,B,B,C,B,A,A,B,C,B,B,C,B,C,B,C,C,animals
237,A,C,A,B,A,B,C,C,C,A,C,B,B,C,B,B,B,B,C,B,technology
238,C,C,B,A,C,A,C,C,A,C,A,A,C,C,A,C,C,C,A,A,culture
239,B,A,C,A,C,C,A,B,A,A,C,C,A,A,A,B,A,A,B,A,technology
240,A,C,C,C,A,C,C,B,C,C,A,C,C,A,A,C,A,B,C,B,culture
241,B,C,B,B,C,B,C,B,C,B,B,A,B,A,B,C,B,B,A,C,environment
242,C,B,C,C,A,C,A,B,A,C,A,B,B,C,C,A,C,A,B,B,culture
243,C,C,C,A,A,A,C,A,C,A,B,A,B,C,A,B,A,A,C,B,sports
244,A,C,C,B,C,A,A,A,B,C,A,B,C,A,C,A,C,B,B,A,community
245,A,C,A,C,B,B,A,B,C,C,C,A,B,B,C,C,C,A,A,C,technology
246,C,A,A,C,A,B,C,B,A,A,C,A,C,A,A,C,C,C,C,A,culture
247,B,A,A,C,A,B,B,A,A,B,B,C,C,A,A,A,B,A,A,C,humanitarian
248,C,C,B,A,A,C,C,B,A,A,B,B,A,C,B,A,A,B,C,C,humanitarian
249,C,A,C,A,B,C,A,A,A,A,B,C,A,B,C,C,A,B,A,A,education
250,B,A,C,A,A,B,C,B,B,B,C,B,C,C,C,C,C,A,C,C,environment
251,C,A,C,A,B,A,C,B,C,C,B,A,B,A,A,B,A,C,C,A,sports
252,A,C,C,B,A,C,C,B,B,A,A,C,B,A,C,A,A,A,B,B,community
253,A,C,C,C,C,A,C,B,A,A,B,A,A,C,A,C,B,A,A,C,sports
254,C,C,A,A,B,B,A,C,C,B,A,C,A,B,C,C,A,B,A,A,education
255,C,C,A,B,C,C,A,B,C,A,B,A,C,A,A,A,A,B,A,B,education
256,C,C,C,B,C,A,B,C,A,A,A,A,B,C,A,C,C,C,C,A,animals
257,C,A,B,B,B,B,A,B,C,B,A,C,A,B,B,B,C,B,C,A,animals
258,C,C,C,B,A,A,B,B,A,A,C,C,C,A,A,A,C,B,C,B,environment
259,B,A,A,C,B,B,A,B,C,A,B,B,C,A,B,C,A,C,C,C,culture
260,B,C,B,A,A,B,A,B,A,A,B,A,B,A,A,B,A,C,C,B,sports
261,A,C,A,A,C,B,C,B,C,B,A,A,C,A,B,A,A,B,A,B,culture
262,C,A,A,B,B,A,A,B,B,B,A,C,B,B,A,C,C,A,C,C,environment
263,B,A,A,A,B,B,C,C,A,A,B,C,A,A,A,B,C,C,B,A,animals
264,A,A,A,C,A,B,A,A,C,A,A,C,B,A,B,C,B,B,B,B,culture
265,B,A,C,A,A,A,A,B,B,C,A,B,B,B,C,A,B,C,C,B,culture
266,C,A,B,A,B,B,C,B,C,B,A,C,B,A,C,C,A,C,C,C,culture
267,B,C,B,B,C,B,C,C,C,C,B,A,B,A,B,C,B,A,A,C,animals
268,C,C,A,C,C,C,B,B,C,A,C,C,C,B,B,A,C,B,A,C,animals
269,B,B,C,A,A,B,B,C,B,B,A,A,C,A,B,C,C,A,A,C,environment
270,A,B,B,B,A,A,C,A,A,C,A,B,A,A,B,B,A,A,A,B,humanitarian
271,A,B,B,A,A,B,B,A,B,A,C,A,A,A,C,C,B,A,C,B,community
272,A,C,C,C,A,A,C,B,A,C,C,A,C,C,B,B,A,C,C,C,humanitarian
273,C,C,B,C,C,C,B,A,B,C,C,B,A,B,C,B,B,B,A,A,education
274,B,A,B,A,C,C,C,B,B,B,C,B,B,B,B,B,C,B,C,C,environment
275,B,B,C,B,B,C,A,C,C,A,A,B,A,B,C,B,A,A,C,A,technology
276,B,A,B,A,A,B,B,A,A,A,C,B,A,A,C,A,C,B,A,A,community
277,B,C,C,C,C,B,B,A,C,A,C,C,A,C,C,B,B,C,B,A,animals
278,B,C,C,A,C,B,B,B,C,A,B,C,B,A,A,B,C,B,C,B,animals
279,C,B,C,A,B,C,A,A,A,A,B,B,A,A,A,C,C,A,A,A,education
280,A,A,B,A,A,B,C,A,B,C,C,C,A,C,C,A,B,B,B,A,community
281,B,A,C,C,A,A,C,A,C,B,B,A,B,A,B,B,A,B,B,C,environment
282,A,C,A,C,C,C,C,A,C,A,B,A,B,C,B,A,A,C,B,B,culture
283,A,B,A,B,B,A,B,B,C,A,C,B,C,A,A,B,B,B,A,B,education
284,A,B,A,B,A,B,C,B,C,C,A,B,A,B,A,C,A,B,A,C,culture
285,C,B,C,C,B,A,B,C,C,C,A,B,A,C,C,A,B,C,C,B,culture
286,C,C,B,C,B,A,A,A,B,C,A,B,A,B,B,A,B,A,C,C,education
287,C,B,C,B,C,B,A,A,C,C,B,C,A,A,B,B,C,C,A,C,animals
288,A,C,C,A,B,B,A,B,C,B,B,C,A,B,A,C,A,C,B,A,sports
289,A,A,A,B,B,C,C,C,A,B,C,A,B,C,C,C,B,B,B,C,technology
290,B,C,A,B,C,B,A,B,B,A,B,A,B,C,B,C,A,C,C,C,animals
291,A,A,A,C,B,B,C,B,B,A,B,A,B,C,B,A,C,C,B,A,community
292,C,A,A,C,A,A,C,A,A,B,A,A,A,A,A,C,A,A,A,B,culture
293,A,B,B,A,B,B,A,B,C,B,B,C,B,A,B,B,B,A,A,B,technology
294,B,B,C,C,A,C,C,C,B,B,A,B,A,B,A,B,B,A,C,B,technology
295,A,C,A,B,A,A,C,C,A,C,A,A,A,B,A,B,A,A,B,C,humanitarian
296,C,B,C,B,A,C,B,A,B,B,A,C,A,A,B,C,C,C,A,C,education
297,B,C,B,C,B,A,B,C,B,C,A,C,A,C,B,C,C,C,C,B,environment
298,A,B,C,B,C,C,C,A,C,B,B,B,A,C,B,C,C,B,C,B,environment
299,B,C,A,A,C,A,B,B,A,B,B,A,C,B,A,B,B,A,A,B,sports
300,B,C,B,C,C,C,C,B,B,C,B,A,A,C,A,B,C,C,C,C,sports
301,C,C,C,C,A,A,B,B,C,A,A,C,C,A,A,B,B,A,B,C,environment
302,C,B,B,B,B,C,A,B,A,C,C,B,C,B,A,B,C,A,A,A,education
303,B,C,B,B,B,B,B,C,B,B,A,C,C,A,A,C,A,C,C,C,environment
304,A,A,C,B,B,C,A,B,C,B,B,A,A,A,A,C,B,B,C,A,education
305,C,A,B,A,C,B,C,A,A,B,B,C,C,C,B,B,B,A,B,B,humanitarian
306,B,C,A,A,A,C,B,C,B,A,B,A,C,C,C,B,A,A,B,B,humanitarian
307,B,B,C,C,B,A,B,A,A,A,B,C,B,B,A,C,A,C,C,C,animals
308,C,C,B,C,B,A,A,A,C,B,B,B,C,B,A,A,B,B,C,B,environment
309,A,A,B,B,C,C,B,A,A,A,A,C,A,C,B,B,B,C,A,A,humanitarian
310,C,A,C,B,B,A,B,C,A,A,B,A,A,B,B,B,C,C,A,B,technology
311,A,C,C,B,B,B,C,C,C,B,A,C,A,A,A,C,B,A,A,B,education
312,B,B,C,C,A,C,A,A,B,C,A,A,A,B,C,A,A,A,A,A,community
313,B,C,A,A,C,C,C,A,B,B,B,A,B,B,A,B,A,A,A,B,sports
314,C,C,C,A,B,B,B,B,B,A,C,C,A,B,B,C,C,B,C,C,animals
315,B,C,B,B,B,C,B,B,C,C,C,C,B,C,A,A,B,C,B,B,community
316,C,C,C,A,B,A,C,B,A,C,B,B,A,A,C,A,A,C,A,B,education
317,B,C,C,A,C,C,A,A,C,A,A,B,B,B,B,C,C,A,A,A,animals
318,C,A,B,C,C,C,A,C,C,C,A,C,C,C,A,C,A,B,B,B,humanitarian
319,A,C,C,C,B,C,B,A,B,C,B,C,C,A,A,A,C,C,A,A,community
320,C,B,C,B,B,A,B,B,A,B,C,B,B,A,A,A,A,C,C,B,technology
321,C,B,B,A,B,B,C,C,B,C,B,C,B,A,B,A,A,C,C,A,community
322,A,C,B,A,B,B,C,B,C,B,C,A,B,C,A,B,B,C,C,A,sports
323,C,B,B,A,A,B,A,A,A,C,B,C,B,A,B,A,C,A,B,C,humanitarian
324,B,C,A,A,B,C,A,B,A,C,B,A,A,B,A,A,A,A,B,C,sports
325,B,B,B,A,A,B,C,C,A,C,A,C,B,B,C,B,C,B,C,B,animals
326,B,A,C,C,C,B,A,C,A,B,B,C,B,C,C,B,C,A,C,A,technology
327,B,B,B,A,C,B,C,B,C,C,B,B,A,C,C,C,C,C,C,B,culture
328,A,C,B,A,B,B,B,C,B,C,B,B,A,B,A,C,C,C,C,A,community
329,C,B,C,C,A,A,A,B,B,A,B,A,B,B,B,B,B,C,C,C,environment
330,C,A,C,A,A,C,B,B,B,A,C,B,A,B,A,A,B,A,A,B,education
331,C,C,C,B,A,C,A,B,C,B,A,A,B,C,B,C,A,C,C,B,culture
332,A,B,A,A,B,A,C,A,A,B,C,A,A,C,C,B,B,B,B,B,humanitarian
333,C,C,B,B,A,B,A,C,C,A,C,A,C,A,B,B,C,B,C,C,animals
334,A,A,B,C,B,C,A,A,C,A,A,B,C,C,A,C,C,C,C,A,culture
335,A,A,C,A,B,A,B,A,B,C,C,C,A,B,A,C,C,A,B,B,technology
336,A,A,A,A,C,A,A,C,C,A,B,B,B,C,C,C,A,A,B,A,technology
337,B,A,B,B,C,C,B,C,A,A,A,C,A,B,C,C,C,A,B,B,animals
338,B,B,B,B,C,A,A,A,C,B,B,B,B,B,A,A,C,B,A,B,environment
339,B,A,C,C,C,B,B,C,B,B,C,B,C,B,C,A,A,A,B,C,technology
340,B,B,B,C,B,B,A,B,A,A,C,A,B,C,C,A,A,B,B,C,humanitarian
341,C,C,A,B,C,C,C,B,B,C,A,A,B,C,A,B,B,B,C,A,community
342,C,B,A,B,A,B,B,B,C,A,A,B,C,B,A,C,B,A,B,A,culture
343,C,C,A,B,C,B,C,C,B,A,B,C,B,A,A,C,A,A,C,A,sports
344,A,B,B,B,A,A,B,B,C,B,A,A,B,B,C,B,B,A,A,C,community
345,C,A,A,C,B,A,A,B,B,A,B,B,B,A,B,C,A,A,C,B,technology
346,C,C,C,A,A,C,A,B,C,A,A,A,A,A,C,B,C,C,C,A,education
347,C,C,B,A,B,B,C,C,A,B,B,B,B,C,A,A,A,C,A,A,sports
348,C,B,C,A,A,A,A,B,B,B,A,B,A,B,A,A,A,A,B,B,education
349,B,C,C,A,A,C,A,A,A,B,B,B,A,C,C,B,A,B,C,B,humanitarian
350,C,B,C,A,C,A,C,B,B,A,B,A,B,C,A,A,A,A,A,A,sports
351,B,B,B,C,C,A,B,C,B,B,A,A,C,C,C,A,A,A,B,B,culture
352,C,A,C,A,B,C,B,A,C,C,A,A,A,A,B,A,C,A,B,B,education
353,C,C,B,C,C,B,C,A,A,C,B,A,C,A,C,A,C,C,C,B,culture
354,B,C,A,A,C,B,A,A,C,C,B,B,C,A,A,C,A,C,B,C,culture
355,B,C,A,A,C,A,C,C,B,B,B,B,C,C,A,A,B,B,C,A,sports
356,A,B,B,B,A,B,B,C,B,B,B,A,A,C,C,C,B,A,C,B,community
357,B,A,B,C,C,A,A,B,A,C,A,B,C,C,C,A,C,B,A,B,culture
358,B,C,B,A,C,A,A,C,A,B,B,C,A,A,B,B,C,B,A,C,environment
359,C,C,B,C,A,C,B,A,B,B,A,B,B,A,A,C,B,B,B,B,education
360,B,B,A,B,B,C,C,C,A,C,B,B,C,C,A,B,C,B,A,B,humanitarian
361,B,B,A,C,B,C,C,A,A,C,B,B,A,B,C,A,B,C,A,A,education
362,B,A,A,A,B,C,A,A,A,B,C,A,B,C,C,B,C,C,C,A,technology
363,C,A,B,A,A,A,C,C,A,B,B,B,C,A,A,B,B,A,C,A,technology
364,A,A,A,A,B,C,C,B,C,C,C,B,A,C,A,B,A,C,B,A,humanitarian
365,C,B,B,B,C,B,A,B,C,A,C,B,B,A,C,A,A,B,B,B,culture
366,B,B,C,B,A,A,A,C,A,A,B,C,B,C,C,A,C,B,B,A,humanitarian
367,A,B,A,A,B,B,A,A,B,A,B,C,B,A,C,A,A,A,C,C,animals
368,A,B,B,B,A,C,B,C,B,B,B,A,A,B,C,A,B,C,C,B,community
369,B,B,A,A,B,A,C,B,A,B,A,B,C,A,B,A,B,A,B,B,culture
370,A,C,A,C,B,A,B,A,C,A,B,A,B,B,A,C,A,A,B,A,sports
371,A,C,B,C,C,C,C,B,A,B,A,C,A,A,A,B,B,C,B,A,culture
372,C,A,A,C,A,A,A,A,A,B,B,A,C,A,C,C,B,B,A,A,education
373,B,C,B,C,C,C,B,B,A,B,C,B,B,A,B,A,C,B,A,A,environment
374,C,C,A,B,C,A,C,C,C,A,B,B,B,C,B,B,C,C,C,B,environment
375,B,C,A,B,A,B,A,A,A,C,A,C,C,B,A,C,C,A,C,C,animals
376,C,C,A,C,A,B,B,B,A,C,A,A,C,C,A,C,C,A,B,B,culture
377,C,B,A,C,C,A,A,A,A,B,A,B,A,C,C,B,B,A,A,B,education
378,C,C,A,A,A,A,C,C,A,C,B,A,C,C,B,C,B,C,B,C,humanitarian
379,A,B,B,C,A,C,B,C,A,A,A,B,C,A,B,A,C,C,C,C,humanitarian
380,B,C,B,A,A,B,B,C,B,C,A,B,A,B,A,B,B,A,A,B,community
381,B,A,B,B,B,B,A,C,B,A,B,B,A,A,A,B,C,C,B,C,education
382,B,C,B,A,A,B,C,C,C,B,B,A,C,B,A,A,A,C,A,B,sports
383,A,A,A,C,C,C,B,C,A,C,B,C,A,B,C,B,B,A,B,A,technology
384,A,B,C,C,B,B,B,A,B,A,C,C,B,B,C,B,C,B,A,A,animals
385,B,C,A,C,C,B,C,A,B,A,B,A,B,C,A,C,C,A,C,A,sports
386,C,B,A,C,B,C,C,B,C,A,A,B,C,B,B,C,C,C,A,C,culture
387,A,C,A,A,C,B,B,C,A,B,C,B,B,B,C,A,C,C,C,B,technology
388,C,A,C,A,B,B,C,B,A,A,B,C,A,C,B,A,A,B,A,A,humanitarian
389,B,B,C,C,A,C,A,A,C,A,C,C,C,C,C,A,C,A,A,A,animals
390,C,C,A,A,B,C,A,B,A,B,B,A,C,C,C,A,A,A,B,A,humanitarian
391,B,C,B,A,C,C,A,B,C,B,B,C,C,B,A,B,C,A,B,B,environment
392,C,C,C,A,C,C,C,A,C,B,A,B,B,C,A,A,B,B,C,A,sports
393,B,A,B,A,A,C,B,C,B,C,C,B,B,B,C,B,B,A,C,B,technology
394,C,B,B,B,A,C,A,C,C,C,B,A,C,A,B,C,C,C,A,C,education
395,B,A,B,A,A,C,A,C,C,B,C,A,A,A,B,B,C,B,A,C,environment
396,C,C,A,A,C,A,C,C,A,A,B,B,C,B,A,C,C,B,C,C,animals
397,B,C,A,A,C,B,A,B,A,B,C,C,B,B,C,A,A,A,C,B,animals
398,A,A,C,A,A,C,B,A,B,B,A,B,B,A,C,B,C,A,A,C,technology
399,C,C,B,B,C,A,C,A,A,B,A,C,C,B,C,C,C,C,B,A,culture
400,A,B,B,B,B,A,C,B,B,B,B,A,C,A,B,A,A,A,C,B,community
401,B,A,C,A,C,B,C,A,B,B,B,A,C,B,C,B,A,C,A,A,culture
402,A,C,B,A,B,A,B,A,A,A,B,B,B,B,C,C,B,B,B,A,community
403,A,C,A,C,B,A,C,A,C,C,B,A,A,A,A,B,B,B,C,B,sports
404,B,B,C,B,C,A,A,A,B,B,A,C,C,B,A,C,C,A,A,B,culture
405,A,A,C,C,A,B,C,A,C,B,B,A,A,A,A,C,C,A,C,A,sports
406,C,C,A,B,A,B,A,B,A,B,B,A,C,B,A,A,C,C,C,A,sports
407,A,C,C,C,C,B,C,C,B,A,B,C,C,B,A,C,A,A,B,C,animals
408,C,C,A,A,B,A,C,C,C,A,A,C,A,B,B,C,A,C,C,A,environment
409,C,A,A,C,B,A,A,B,A,C,B,B,B,B,B,C,B,B,B,A,technology
410,A,B,C,C,A,B,C,B,A,B,A,A,B,B,C,B,C,B,C,A,culture
411,C,A,A,B,B,C,A,B,A,A,A,A,B,B,B,B,C,C,B,B,technology
412,C,B,B,C,B,B,A,C,B,A,C,C,A,A,A,A,A,C,B,C,education
413,B,A,B,A,A,B,A,B,B,B,B,A,C,C,C,C,B,C,B,A,community
414,B,A,C,C,A,A,C,A,C,A,C,C,B,A,B,C,C,A,B,C,environment
415,C,A,C,B,A,C,A,B,C,C,C,B,B,A,C,B,C,B,C,A,technology
416,C,B,C,A,A,A,B,C,C,B,B,C,B,A,A,A,B,B,B,B,community
417,B,A,C,A,A,B,A,B,A,A,C,C,A,C,C,B,B,C,B,B,technology
418,C,C,B,B,C,A,A,B,A,A,C,C,B,B,B,C,B,A,B,B,technology
419,A,C,A,B,C,C,C,C,B,A,C,C,C,B,A,B,B,C,B,A,community
420,C,B,B,C,B,A,A,C,B,A,C,C,B,A,C,A,B,C,B,A,technology
421,C,B,B,B,A,A,B,C,A,C,C,A,B,A,C,C,B,A,C,B,technology
422,A,C,B,A,B,C,A,A,C,C,B,C,B,B,A,C,C,A,C,C,animals
423,C,A,C,A,A,B,C,B,C,B,B,A,C,A,A,C,B,A,A,A,sports
424,B,B,B,B,C,B,C,C,B,C,A,C,C,B,C,B,A,C,A,A,culture
425,C,C,A,B,B,B,C,B,C,C,A,C,A,B,B,B,B,A,A,C,education
426,B,A,C,A,A,C,A,B,C,B,B,B,A,B,C,A,C,B,B,A,community
427,A,C,C,B,C,C,C,A,C,B,C,C,A,B,A,A,B,C,C,B,environment
428,A,A,C,B,A,A,B,B,A,A,A,B,A,B,B,B,C,B,C,C,humanitarian
429,A,C,C,B,A,C,C,C,C,C,C,A,B,A,A,C,C,B,C,A,community
430,B,A,C,B,C,B,B,B,B,C,B,C,B,A,C,B,C,B,B,C,animals
431,B,A,A,B,B,C,B,C,A,B,C,A,A,C,B,C,B,C,C,C,education
432,A,B,B,A,C,C,C,B,B,B,B,A,A,A,B,A,A,C,B,B,culture
433,B,A,B,C,B,A,B,C,A,A,B,B,A,C,C,B,B,A,C,C,technology
434,B,C,A,B,B,C,C,B,A,C,B,A,B,C,A,A,C,B,C,A,sports
435,C,B,C,B,A,C,C,A,C,C,B,C,B,B,A,C,A,C,B,B,humanitarian
436,B,B,B,B,B,A,A,C,C,A,C,C,A,C,B,C,B,B,A,A,environment
437,A,C,B,B,B,A,C,C,C,B,B,C,B,B,A,B,B,B,A,A,sports
438,C,A,C,B,B,C,A,C,A,B,C,B,A,B,B,A,C,A,B,B,technology
439,A,A,A,C,B,B,B,C,A,A,A,B,C,B,B,C,A,B,B,B,humanitarian
440,C,C,B,A,A,A,A,C,C,B,B,C,B,B,B,A,A,B,C,A,environment
441,A,A,C,A,B,A,C,C,A,A,A,B,C,B,C,B,A,B,A,C,humanitarian
442,B,C,A,B,C,B,B,A,C,A,B,C,B,B,A,B,C,A,B,B,animals
443,C,A,C,B,A,A,C,B,B,A,C,A,A,B,C,A,A,B,A,B,community
444,A,C,A,C,A,C,C,B,A,C,A,B,C,C,A,C,A,C,B,A,culture
445,B,A,B,C,A,A,A,C,A,B,C,B,B,A,A,A,C,A,A,C,technology
446,A,C,B,A,B,A,C,A,B,B,B,A,B,A,A,B,A,B,A,C,sports
447,C,A,A,C,A,C,C,A,A,C,B,B,B,B,C,B,A,B,C,A,humanitarian
448,A,C,C,A,B,B,A,B,C,A,C,C,B,B,B,A,B,C,A,C,animals
449,B,C,C,A,A,C,C,C,A,B,A,B,B,A,A,A,A,B,A,A,sports
450,A,A,C,A,A,C,A,A,C,B,C,B,A,A,C,A,B,B,B,C,community
451,A,B,C,C,B,C,C,B,C,A,C,A,C,C,B,A,B,B,C,C,culture
452,A,C,C,A,B,B,B,C,A,A,A,A,C,C,A,B,A,A,A,A,humanitarian
453,A,C,B,A,C,A,B,A,B,B,C,C,C,A,A,C,C,A,A,B,environment
454,B,C,B,B,A,A,A,A,C,C,C,A,A,A,B,B,B,A,C,A,environment
455,C,C,B,C,A,C,C,C,B,C,B,C,B,B,A,C,A,A,A,A,sports
456,B,C,B,A,A,A,C,A,C,C,C,C,A,C,A,A,A,A,A,A,humanitarian
457,B,C,A,A,C,A,C,A,B,A,C,B,A,B,A,C,A,B,B,A,sports
458,A,B,C,B,B,A,B,C,B,C,A,A,B,A,B,C,B,B,C,A,community
459,C,A,A,A,B,B,C,C,A,C,B,C,B,A,A,C,A,C,B,A,sports
460,B,A,B,A,B,A,B,C,C,B,A,A,A,C,C,B,A,A,C,A,technology
461,B,A,C,A,A,B,B,B,C,A,A,B,C,B,B,B,C,B,C,C,animals
462,A,A,A,A,B,C,C,B,B,A,A,B,B,A,B,A,A,C,B,B,culture
463,A,A,A,B,B,B,B,C,B,B,B,B,B,A,A,C,B,B,A,B,education
464,C,C,B,C,B,A,A,A,A,A,A,B,A,B,B,C,B,C,B,A,education
465,A,B,C,B,C,C,A,C,B,B,A,B,A,A,C,A,B,A,A,B,education
466,C,C,C,C,B,A,B,C,C,B,C,A,B,B,C,A,A,B,A,B,technology
467,C,C,A,B,A,B,C,A,B,C,A,A,B,B,B,A,C,B,A,C,community
468,B,A,C,C,A,A,A,C,B,C,B,B,B,C,B,C,C,C,C,B,technology
469,A,C,A,A,C,B,C,C,C,C,B,C,C,A,B,B,C,B,A,A,sports
470,B,B,C,C,C,A,C,A,B,B,B,C,C,A,A,A,C,B,C,C,environment
471,B,A,A,C,A,A,B,C,B,B,B,A,A,A,C,C,A,A,A,C,education
472,B,B,C,A,B,B,A,A,A,A,C,A,A,C,B,C,C,A,B,A,animals
473,C,A,A,B,B,C,B,A,A,B,B,B,A,B,B,C,B,C,A,C,education
474,A,B,C,B,B,A,C,B,C,B,B,B,C,C,A,C,C,A,A,C,environment
475,A,A,C,B,A,B,A,C,B,C,A,B,A,C,B,B,B,A,C,B,technology
476,A,B,C,A,B,A,A,C,B,A,B,A,B,A,B,B,B,B,A,A,education
477,B,A,A,C,A,A,B,B,C,C,A,B,A,B,A,A,C,A,B,A,community
478,C,A,A,C,B,C,A,A,B,C,B,C,C,C,B,C,B,C,B,B,education
479,C,A,A,B,C,C,B,B,B,C,C,A,B,B,C,B,C,B,C,A,community
480,B,B,B,B,C,B,B,A,C,B,B,B,A,B,C,B,A,B,A,B,humanitarian
481,A,C,C,B,C,A,B,A,C,C,C,B,A,A,B,C,A,C,A,B,humanitarian
482,C,C,C,A,C,C,A,C,B,C,B,C,A,B,A,A,A,B,A,C,education
483,C,C,A,A,B,A,C,C,C,B,C,A,A,A,C,B,A,A,B,A,technology
484,C,A,B,B,C,A,B,A,C,B,B,B,A,C,B,A,B,C,C,B,environment
485,C,C,B,A,A,C,A,A,B,B,B,B,C,B,C,B,B,B,C,C,education
486,B,B,B,B,B,A,B,B,C,B,B,A,A,B,B,B,B,C,A,A,environment
487,A,A,A,A,C,B,C,B,A,A,B,A,B,B,A,B,C,C,B,A,sports
488,A,B,A,C,B,B,B,C,B,C,C,C,B,C,A,A,B,C,A,B,technology
489,B,B,C,C,A,C,C,A,C,B,C,B,C,A,A,C,B,B,A,A,education
490,C,C,B,A,C,C,C,C,B,C,B,B,C,A,A,C,A,C,C,A,sports
491,A,A,A,B,C,C,B,C,A,C,C,A,B,C,B,C,C,B,A,B,humanitarian
492,A,C,A,A,B,C,B,B,A,B,B,A,B,C,A,C,B,C,B,A,sports
493,A,A,A,A,C,C,A,A,B,C,C,C,B,B,A,C,C,A,C,A,technology
494,A,A,A,B,C,A,C,A,A,A,C,B,C,A,A,C,A,A,B,B,humanitarian
495,B,A,C,C,B,C,B,A,A,C,C,C,A,A,A,A,A,B,A,C,humanitarian
496,C,C,C,B,B,B,A,C,C,C,A,A,C,B,C,B,B,B,C,B,animals
497,C,B,C,C,C,C,C,B,C,A,C,A,C,A,B,A,A,C,C,A,culture
498,C,A,C,A,A,C,C,A,B,B,B,B,C,C,B,C,C,A,C,C,environment
499,B,C,C,A,B,C,C,C,C,A,C,C,C,C,A,A,B,B,A,A,sports
500,C,B,A,C,B,B,C,C,A,B,A,B,B,B,C,B,B,B,A,A,culture
